               epoch,      train/box_loss,      train/obj_loss,      train/cls_loss,   metrics/precision,      metrics/recall,     metrics/mAP_0.5,metrics/mAP_0.5:0.95,        val/box_loss,        val/obj_loss,        val/cls_loss,               x/lr0,               x/lr1,               x/lr2
                   0,               0.114,            0.018972,            0.041385,           0.0011614,             0.33333,           0.0012855,          0.00012855,            0.052653,            0.020493,            0.026973,                   0,                   0,                 0.1
                   1,             0.10142,            0.020679,             0.04019,           0.0022353,             0.66667,            0.034303,             0.01381,            0.041315,            0.020429,             0.02697,          9.9924e-05,          9.9924e-05,              0.0991
                   2,            0.084224,            0.024005,            0.034316,           0.0025451,             0.66667,           0.0095612,           0.0033758,            0.049197,            0.020237,            0.028311,           0.0001997,           0.0001997,              0.0982
                   3,            0.079131,            0.024585,            0.036783,           0.0054293,             0.66667,            0.047837,             0.01578,            0.049011,            0.023353,            0.027192,          0.00029931,          0.00029931,            0.097299
                   4,            0.079518,            0.030958,            0.037294,           0.0079183,             0.66667,            0.089175,            0.017835,            0.053354,            0.025925,            0.027812,          0.00039878,          0.00039878,            0.096399
                   5,            0.078071,            0.022001,            0.034908,            0.046593,             0.66667,             0.10319,            0.017689,            0.044753,             0.02722,            0.026841,           0.0004981,           0.0004981,            0.095498
                   6,            0.070725,            0.025571,            0.031861,           0.0053204,             0.33333,            0.014098,           0.0034816,            0.047267,            0.026536,            0.024913,          0.00059726,          0.00059726,            0.094597
                   7,            0.068245,            0.020936,            0.029828,            0.012475,             0.33333,            0.039146,           0.0082046,            0.047936,            0.029753,            0.024123,          0.00069627,          0.00069627,            0.093696
                   8,             0.07104,            0.023343,            0.032358,             0.36245,             0.33333,            0.047381,            0.005202,             0.05874,            0.033376,             0.02548,          0.00079513,          0.00079513,            0.092795
                   9,            0.060937,            0.025155,            0.027923,             0.36235,             0.33333,            0.072864,            0.013102,              0.0658,            0.052196,            0.026992,          0.00089383,          0.00089383,            0.091894
                  10,            0.051088,            0.023613,            0.024576,           0.0038067,             0.66667,           0.0067127,           0.0031843,            0.066113,              0.1185,            0.024239,          0.00099238,          0.00099238,            0.090992
                  11,            0.055041,            0.022226,            0.026662,           0.0033026,             0.66667,           0.0047069,          0.00099438,            0.066929,             0.23689,            0.031345,           0.0010908,           0.0010908,            0.090091
                  12,            0.053896,            0.024014,            0.035728,           0.0030618,             0.33333,           0.0071216,          0.00071216,            0.072138,             0.88025,            0.043682,            0.001189,            0.001189,            0.089189
                  13,            0.061088,            0.021712,            0.030485,           0.0019907,             0.66667,            0.004896,            0.001077,             0.07744,              3.5486,             0.10428,           0.0012871,           0.0012871,            0.088287
                  14,            0.069917,            0.020919,            0.029051,           0.0063311,             0.66667,            0.027952,           0.0027952,            0.094329,              7.2899,             0.17357,           0.0013851,           0.0013851,            0.087385
                  15,            0.056485,            0.019517,             0.02896,          0.00093371,             0.33333,           0.0012239,          0.00012239,            0.081257,              9.2078,             0.17332,           0.0014829,           0.0014829,            0.086483
                  16,            0.070292,            0.019155,            0.025285,          0.00072464,             0.33333,           0.0010397,          0.00041142,            0.079842,              19.706,             0.22801,           0.0015805,           0.0015805,            0.085581
                  17,            0.063407,            0.021719,            0.024315,           0.0016479,             0.66667,           0.0027277,          0.00043535,            0.081578,              35.117,             0.38508,            0.001678,            0.001678,            0.084678
                  18,            0.059459,            0.021562,            0.025091,          0.00052002,             0.33333,           0.0036852,          0.00073704,            0.096362,              48.011,             0.46787,           0.0017753,           0.0017753,            0.083775
                  19,            0.059014,            0.017704,            0.028184,          0.00047281,             0.33333,           0.0038123,          0.00076245,             0.10058,              75.422,             0.71408,           0.0018725,           0.0018725,            0.082873
                  20,            0.055222,            0.021333,            0.024023,                   0,                   0,                   0,                   0,                 nan,                 nan,              1.3394,           0.0019695,           0.0019695,             0.08197
                  21,            0.052827,            0.018592,            0.019789,          0.00037665,             0.33333,          0.00088209,          0.00017642,                 nan,                 nan,              1.6697,           0.0020664,           0.0020664,            0.081066
                  22,             0.05611,            0.021556,            0.019432,          0.00039777,             0.33333,            0.004482,           0.0011799,             0.08476,              111.12,              1.6971,           0.0021631,           0.0021631,            0.080163
                  23,             0.05721,             0.01687,            0.015196,           0.0019144,             0.66667,            0.003107,           0.0006214,                 nan,                 nan,               2.352,           0.0022597,           0.0022597,             0.07926
                  24,            0.054985,            0.020262,            0.018544,           0.0017214,             0.66667,           0.0029246,          0.00056279,                 nan,                 nan,              3.0925,           0.0023561,           0.0023561,            0.078356
                  25,            0.049993,             0.01997,            0.010797,            0.001676,             0.66667,           0.0026121,          0.00052201,                 nan,                 nan,              3.8974,           0.0024524,           0.0024524,            0.077452
                  26,            0.056581,            0.019369,            0.016699,                   0,                   0,                   0,                   0,                 nan,                 nan,              3.4967,           0.0025485,           0.0025485,            0.076549
                  27,            0.059305,            0.021288,           0.0089554,                   0,                   0,                   0,                   0,            0.089322,               54.38,              5.7954,           0.0026445,           0.0026445,            0.075644
                  28,            0.059378,            0.018429,           0.0094869,                   0,                   0,                   0,                   0,            0.090287,              16.136,              8.2082,           0.0027403,           0.0027403,             0.07474
                  29,            0.065908,            0.017247,            0.018922,                   0,                   0,                   0,                   0,            0.090108,              38.051,              8.2164,            0.002836,            0.002836,            0.073836
                  30,            0.060008,            0.019292,            0.010477,                   0,                   0,                   0,                   0,            0.090114,              42.484,              7.2924,           0.0029315,           0.0029315,            0.072931
                  31,             0.05995,            0.015578,            0.010751,                   0,                   0,                   0,                   0,            0.090108,              34.097,              6.7357,           0.0030268,           0.0030268,            0.072027
                  32,            0.061813,            0.020886,           0.0087071,                   0,                   0,                   0,                   0,            0.090084,              42.467,              5.2841,            0.003122,            0.003122,            0.071122
                  33,            0.057918,            0.017477,           0.0061999,          0.00056211,             0.33333,           0.0012905,          0.00025811,             0.07939,              45.255,              4.5036,           0.0032171,           0.0032171,            0.070217
                  34,            0.057669,            0.019628,            0.010797,           0.0017052,             0.66667,            0.010241,           0.0023918,                 nan,                 nan,              9.6569,            0.003312,            0.003312,            0.069312
                  35,            0.057122,            0.018305,            0.016087,           0.0015749,             0.66667,           0.0066452,           0.0012791,                 nan,                 nan,              11.692,           0.0034067,           0.0034067,            0.068407
                  36,            0.057124,            0.017534,            0.015964,           0.0027836,             0.66667,           0.0070575,           0.0014115,            0.080662,              39.275,              1.9568,           0.0035013,           0.0035013,            0.067501
                  37,            0.057345,            0.018471,            0.020509,          0.00057078,             0.33333,           0.0038123,          0.00076245,            0.077356,              70.653,              4.9345,           0.0035957,           0.0035957,            0.066596
                  38,            0.052493,            0.019381,            0.025807,           0.0018343,             0.66667,            0.010679,           0.0021171,                 nan,                 nan,              11.371,             0.00369,             0.00369,             0.06569
                  39,            0.055578,            0.015382,            0.026414,           0.0015899,             0.66667,           0.0064178,           0.0012836,                 nan,                 nan,              8.3592,           0.0037842,           0.0037842,            0.064784
                  40,            0.054138,            0.022439,            0.018138,           0.0071301,                   1,            0.028413,           0.0041274,            0.076816,               30.57,               43.69,           0.0038782,           0.0038782,            0.063878
                  41,            0.058837,            0.016687,            0.017793,           0.0097638,                   1,             0.17504,            0.034669,            0.076814,              11.951,              14.448,            0.003972,            0.003972,            0.062972
                  42,            0.053537,            0.020202,            0.018769,           0.0027211,             0.66667,           0.0066871,           0.0010215,            0.081755,              27.142,              43.508,           0.0040657,           0.0040657,            0.062066
                  43,            0.055647,            0.015891,            0.013251,           0.0015029,             0.66667,            0.034628,           0.0069121,            0.085676,              136.47,              19.373,           0.0041592,           0.0041592,            0.061159
                  44,            0.060725,            0.017817,            0.011939,          0.00065746,             0.33333,            0.017456,           0.0034912,             0.10573,              299.53,              27.588,           0.0042526,           0.0042526,            0.060253
                  45,            0.052141,             0.01975,            0.014586,          0.00058789,             0.33333,           0.0043074,          0.00086147,                 nan,                 nan,              60.917,           0.0043458,           0.0043458,            0.059346
                  46,            0.055391,            0.021642,            0.010263,          0.00048591,             0.33333,           0.0012708,          0.00025415,                 nan,                 nan,              73.879,           0.0044389,           0.0044389,            0.058439
                  47,            0.057053,            0.023423,            0.013347,          0.00037037,             0.33333,          0.00077312,          0.00015462,                 nan,                 nan,              85.791,           0.0045318,           0.0045318,            0.057532
                  48,            0.061169,            0.013084,           0.0048691,          0.00037037,             0.33333,          0.00083966,          0.00016793,                 nan,                 nan,              81.918,           0.0046245,           0.0046245,            0.056625
                  49,            0.048686,            0.019555,           0.0089358,          0.00037037,             0.33333,           0.0041983,          0.00083966,                 nan,                 nan,               42.36,           0.0047172,           0.0047172,            0.055717
                  50,            0.050741,            0.021967,           0.0075474,           0.0003775,             0.33333,          0.00099005,          0.00019801,                 nan,                 nan,              18.779,           0.0048096,           0.0048096,             0.05481
                  51,            0.051011,            0.013585,           0.0073258,          0.00042301,             0.33333,           0.0049502,          0.00058095,                 nan,                 nan,              19.793,           0.0049019,           0.0049019,            0.053902
                  52,            0.054609,            0.018517,            0.010762,          0.00046882,             0.33333,           0.0049502,          0.00059965,            0.077137,              423.82,              19.682,           0.0049941,           0.0049941,            0.052994
                  53,            0.049934,            0.020203,           0.0050335,          0.00039541,             0.33333,            0.006142,           0.0012284,            0.077407,              277.73,              16.843,           0.0050861,           0.0050861,            0.052086
                  54,            0.053819,            0.018225,            0.010624,          0.00040404,             0.33333,           0.0036852,          0.00073704,            0.077424,              305.21,              16.135,           0.0051779,           0.0051779,            0.051178
                  55,            0.048204,            0.016392,           0.0047449,          0.00041051,             0.33333,            0.003902,          0.00078039,            0.077697,              363.05,              21.126,           0.0052696,           0.0052696,             0.05027
                  56,            0.053528,            0.020078,             0.01035,          0.00050125,             0.33333,           0.0044222,           0.0006879,            0.077904,              263.97,               19.06,           0.0053612,           0.0053612,            0.049361
                  57,            0.052167,            0.017372,           0.0057407,          0.00056883,             0.33333,           0.0067687,          0.00078743,            0.077284,              288.22,              21.589,           0.0054526,           0.0054526,            0.048453
                  58,             0.05841,            0.015473,           0.0032417,          0.00069881,             0.33333,           0.0017009,          0.00017009,             0.07759,              367.95,               23.29,           0.0055438,           0.0055438,            0.047544
                  59,            0.056406,            0.018737,           0.0070301,           0.0007326,             0.33333,           0.0018529,          0.00018529,             0.07792,              366.76,              23.879,           0.0056349,           0.0056349,            0.046635
                  60,            0.047776,            0.020215,            0.013401,          0.00070771,             0.33333,           0.0015794,          0.00015794,                 nan,                 nan,              24.694,           0.0057258,           0.0057258,            0.045726
                  61,            0.052232,            0.018535,            0.013405,          0.00057471,             0.33333,           0.0014483,          0.00014483,            0.077979,              341.11,              28.913,           0.0058166,           0.0058166,            0.044817
                  62,            0.050265,            0.020339,            0.018169,                   0,                   0,                   0,                   0,             0.07773,              411.12,              35.949,           0.0059073,           0.0059073,            0.043907
                  63,            0.050313,            0.017153,           0.0085718,          0.00037037,             0.33333,          0.00090868,          9.0868e-05,            0.077784,              426.53,              35.586,           0.0059977,           0.0059977,            0.042998
                  64,             0.04888,            0.017674,            0.011379,          0.00037037,             0.33333,          0.00093691,          9.3691e-05,             0.07687,              393.25,              35.885,           0.0060881,           0.0060881,            0.042088
                  65,            0.047413,            0.014362,            0.013548,          0.00037037,             0.33333,          0.00086372,          8.6372e-05,             0.07687,              464.72,              57.725,           0.0061782,           0.0061782,            0.041178
                  66,            0.051133,            0.017608,           0.0069695,          0.00037037,             0.33333,          0.00086372,          8.6372e-05,            0.077789,              382.75,              46.035,           0.0062683,           0.0062683,            0.040268
                  67,            0.049572,              0.0172,           0.0036476,          0.00037037,             0.33333,          0.00086372,          8.6372e-05,            0.077253,              357.05,              34.866,           0.0063581,           0.0063581,            0.039358
                  68,            0.044211,            0.018115,           0.0066261,          0.00037037,             0.33333,          0.00090868,          9.0868e-05,            0.077429,              341.08,              27.488,           0.0064479,           0.0064479,            0.038448
                  69,            0.053657,             0.01726,           0.0077151,          0.00037037,             0.33333,          0.00085261,          8.5261e-05,            0.076843,              277.35,              20.774,           0.0065374,           0.0065374,            0.037537
                  70,            0.051918,            0.018142,           0.0060578,          0.00043745,             0.33333,          0.00081691,          8.1691e-05,            0.076834,              109.94,               7.736,           0.0066268,           0.0066268,            0.036627
                  71,            0.051082,            0.023051,           0.0072267,           0.0063754,             0.66667,           0.0079869,          0.00079869,            0.077446,              86.777,              5.2904,           0.0067161,           0.0067161,            0.035716
                  72,            0.044889,            0.015918,           0.0025714,          0.00037037,             0.33333,           0.0012708,          0.00012708,            0.076758,              159.97,              8.0938,           0.0068052,           0.0068052,            0.034805
                  73,            0.046288,            0.017116,           0.0057975,          0.00037037,             0.33333,           0.0011516,          0.00011516,            0.076864,               229.9,              10.479,           0.0068942,           0.0068942,            0.033894
                  74,            0.050466,            0.017592,           0.0039862,          0.00037037,             0.33333,          0.00086824,          8.6824e-05,            0.076866,              218.32,              8.7701,            0.006983,            0.006983,            0.032983
                  75,            0.044177,            0.016627,            0.010687,            0.011877,             0.66667,            0.015352,           0.0030818,            0.077079,               214.4,              8.1281,           0.0070716,           0.0070716,            0.032072
                  76,             0.04872,            0.018423,           0.0034514,           0.0032279,             0.66667,           0.0078066,           0.0013032,                 nan,                 nan,              10.303,           0.0071601,           0.0071601,             0.03116
                  77,            0.047409,            0.016574,           0.0048966,           0.0029593,             0.66667,           0.0064654,           0.0010086,                 nan,                 nan,               18.44,           0.0072485,           0.0072485,            0.030248
                  78,            0.050367,            0.018897,            0.012868,           0.0022013,             0.66667,           0.0078062,           0.0015612,                 nan,                 nan,              12.448,           0.0073367,           0.0073367,            0.029337
                  79,            0.053853,            0.016691,           0.0090619,             0.33586,             0.66667,            0.009733,            0.002408,            0.077157,              132.11,              4.4855,           0.0074247,           0.0074247,            0.028425
                  80,            0.050172,             0.01828,           0.0063976,            0.058538,                   1,             0.17597,            0.052342,            0.077137,              90.638,              2.5075,           0.0075126,           0.0075126,            0.027513
                  81,            0.048976,            0.019785,           0.0097068,            0.056102,                   1,            0.068838,             0.01429,            0.077349,              69.327,              5.2548,           0.0076004,           0.0076004,              0.0266
                  82,            0.043404,            0.015614,            0.002793,           0.0042912,             0.66667,             0.01539,            0.003078,            0.077043,              45.647,                4.14,           0.0076879,           0.0076879,            0.025688
                  83,            0.046618,            0.015464,           0.0053343,          0.00082508,             0.33333,            0.012756,           0.0025513,            0.076846,              31.151,              4.6756,           0.0077754,           0.0077754,            0.024775
                  84,            0.048029,            0.017369,            0.007673,          0.00094967,             0.33333,           0.0021125,          0.00042251,            0.076943,              21.251,              4.3259,           0.0078627,           0.0078627,            0.023863
                  85,             0.04362,            0.014786,            0.010555,           0.0042809,             0.66667,            0.011749,           0.0029416,            0.076881,              20.401,              1.9562,           0.0079498,           0.0079498,             0.02295
                  86,            0.047006,            0.019019,            0.006653,           0.0034423,             0.66667,            0.010728,           0.0026423,            0.076944,              28.003,              1.0964,           0.0080368,           0.0080368,            0.022037
                  87,             0.04698,            0.017938,           0.0079343,             0.34176,             0.66667,            0.014468,           0.0041692,            0.076968,              31.155,             0.95809,           0.0081236,           0.0081236,            0.021124
                  88,            0.045056,            0.018788,           0.0034999,            0.015801,             0.66667,            0.043909,            0.007715,            0.076795,              28.234,             0.69609,           0.0082103,           0.0082103,             0.02021
                  89,             0.03599,            0.013962,           0.0072684,             0.33382,             0.33333,           0.0052646,           0.0010529,            0.076484,              47.136,              1.5793,           0.0082968,           0.0082968,            0.019297
                  90,            0.041929,            0.018152,             0.00287,          0.00054025,             0.33333,            0.001132,          0.00022639,            0.076673,              26.037,              1.2733,           0.0083832,           0.0083832,            0.018383
                  91,              0.0423,            0.016942,           0.0055886,            0.066374,             0.66667,            0.085003,           0.0087089,            0.069588,              8.9249,             0.36079,           0.0084694,           0.0084694,            0.017469
                  92,            0.050296,            0.014971,           0.0034963,             0.35417,             0.33333,             0.04085,           0.0079908,            0.074379,              2.7487,             0.13961,           0.0085554,           0.0085554,            0.016555
                  93,            0.045151,            0.014178,           0.0086232,             0.34137,             0.66667,            0.014216,           0.0032559,            0.076642,              2.9166,             0.28711,           0.0086413,           0.0086413,            0.015641
                  94,            0.045366,            0.016481,           0.0033513,             0.34188,             0.33333,            0.021801,           0.0045605,            0.075373,              2.9459,             0.31757,           0.0087271,           0.0087271,            0.014727
                  95,            0.045281,            0.016262,           0.0067259,             0.34667,             0.33333,            0.064491,           0.0070729,            0.072709,               2.614,              0.2878,           0.0088127,           0.0088127,            0.013813
                  96,            0.053886,             0.01457,           0.0070809,             0.33898,             0.33333,            0.023165,           0.0043228,            0.067128,              3.9936,               0.244,           0.0088982,           0.0088982,            0.012898
                  97,            0.055866,             0.01204,            0.010447,            0.026723,                   1,             0.52119,             0.10424,             0.06919,             0.71055,            0.082678,           0.0089835,           0.0089835,            0.011983
                  98,            0.049541,            0.016496,           0.0062191,             0.38255,             0.66667,             0.40906,            0.075454,            0.070022,             0.69004,              0.1925,           0.0090686,           0.0090686,            0.011069
                  99,            0.049288,            0.015346,           0.0063986,             0.44137,             0.66667,             0.37669,            0.072787,            0.068233,             0.96783,             0.20543,           0.0091536,           0.0091536,            0.010154
                 100,             0.04423,            0.018319,            0.017822,             0.68333,             0.33333,            0.047716,           0.0069768,            0.068443,             0.94481,             0.29098,           0.0092385,           0.0092385,           0.0092385
                 101,            0.050615,            0.014976,           0.0065634,             0.33503,             0.33333,           0.0020348,          0.00032677,            0.072593,               1.637,             0.83048,           0.0092385,           0.0092385,           0.0092385
                 102,            0.043165,            0.019826,            0.002804,           0.0028986,             0.33333,           0.0049502,          0.00049502,            0.071809,              2.9767,              1.1718,           0.0092308,           0.0092308,           0.0092308
                 103,            0.054709,             0.01413,           0.0071815,           0.0010953,             0.33333,           0.0029351,          0.00029351,            0.075724,               2.466,              1.1826,           0.0092232,           0.0092232,           0.0092232
                 104,            0.047135,            0.015252,            0.014926,                   0,                   0,                   0,                   0,            0.076191,              0.8141,             0.79517,           0.0092156,           0.0092156,           0.0092156
                 105,            0.052425,            0.014855,           0.0038529,          0.00037037,             0.33333,          0.00048775,          4.8775e-05,            0.074444,             0.39169,             0.59947,            0.009208,            0.009208,            0.009208
                 106,            0.046701,            0.014506,           0.0055428,          0.00037037,             0.33333,          0.00044579,          4.4579e-05,            0.074106,             0.36115,              0.5796,           0.0092004,           0.0092004,           0.0092004
                 107,            0.052388,            0.013902,            0.011142,          0.00037037,             0.33333,          0.00057382,          5.7382e-05,            0.075923,             0.60431,             0.78863,           0.0091928,           0.0091928,           0.0091928
                 108,             0.04156,            0.015877,           0.0047181,           0.0016582,             0.33333,           0.0017456,          0.00017456,            0.076037,              1.6764,               1.146,           0.0091852,           0.0091852,           0.0091852
                 109,            0.042441,            0.020011,             0.01244,           0.0016858,             0.33333,           0.0075379,          0.00087708,            0.075626,              1.8909,             0.94333,           0.0091775,           0.0091775,           0.0091775
                 110,             0.03656,            0.016051,           0.0073512,             0.34314,             0.33333,            0.025513,           0.0034726,            0.074539,              1.9141,             0.64423,           0.0091699,           0.0091699,           0.0091699
                 111,            0.038112,            0.017278,             0.00388,            0.013663,             0.66667,            0.036957,           0.0073914,             0.07382,              1.7976,             0.45128,           0.0091623,           0.0091623,           0.0091623
                 112,            0.041237,             0.01634,           0.0040134,            0.030303,             0.33333,              0.0699,           0.0082942,             0.07403,              1.3949,             0.30636,           0.0091547,           0.0091547,           0.0091547
                 113,            0.041648,            0.014772,           0.0083909,           0.0057533,             0.66667,            0.028234,           0.0041505,            0.073841,              1.4371,             0.25521,           0.0091471,           0.0091471,           0.0091471
                 114,            0.037758,            0.014775,           0.0050101,            0.027778,             0.33333,            0.050665,            0.006224,            0.073621,              1.8943,             0.23212,           0.0091395,           0.0091395,           0.0091395
                 115,            0.041107,            0.015319,           0.0053658,            0.030303,             0.66667,             0.18091,            0.018516,            0.074805,              2.5035,             0.22287,           0.0091318,           0.0091318,           0.0091318
                 116,            0.044324,            0.020296,           0.0042361,           0.0066667,             0.33333,            0.020101,           0.0036522,            0.068638,               3.558,             0.22923,           0.0091242,           0.0091242,           0.0091242
                 117,              0.0409,            0.012815,           0.0093015,            0.016667,             0.33333,            0.055278,           0.0074673,            0.062871,              2.4452,             0.19356,           0.0091166,           0.0091166,           0.0091166
                 118,            0.047622,            0.012225,            0.003445,            0.019608,             0.33333,            0.050119,           0.0058921,            0.068242,              1.9496,             0.20778,            0.009109,            0.009109,            0.009109
                 119,            0.044534,            0.013828,            0.002281,             0.37407,             0.66667,             0.44222,            0.046255,            0.071425,               1.685,             0.21874,           0.0091014,           0.0091014,           0.0091014
                 120,            0.048718,            0.016771,           0.0045358,              0.3675,             0.66667,            0.051329,           0.0066216,             0.06798,              1.5214,             0.23846,           0.0090938,           0.0090938,           0.0090938
                 121,            0.048826,            0.015098,           0.0051573,             0.35417,             0.33333,            0.060542,           0.0077134,            0.059859,              1.6814,             0.20952,           0.0090862,           0.0090862,           0.0090862
                 122,            0.043076,             0.01611,           0.0032242,            0.011905,             0.33333,            0.042749,           0.0053252,            0.063961,              2.0611,             0.23679,           0.0090785,           0.0090785,           0.0090785
                 123,            0.049987,            0.017205,           0.0057339,            0.011905,             0.33333,              0.3392,            0.034154,            0.062326,              1.6054,             0.41436,           0.0090709,           0.0090709,           0.0090709
                 124,            0.042866,            0.013954,            0.015802,            0.041414,             0.66667,            0.056857,            0.008237,            0.074477,              1.6932,             0.18557,           0.0090633,           0.0090633,           0.0090633
                 125,             0.04453,            0.017104,           0.0015061,            0.055195,             0.66667,            0.096183,           0.0099403,            0.075489,              2.0574,             0.21441,           0.0090557,           0.0090557,           0.0090557
                 126,            0.045338,            0.018208,           0.0031152,             0.39931,             0.66667,             0.12801,            0.017904,            0.075175,              1.9896,             0.20156,           0.0090481,           0.0090481,           0.0090481
                 127,            0.041614,            0.014188,           0.0025099,             0.38889,             0.33333,            0.076088,           0.0082119,            0.074065,              1.7363,             0.15293,           0.0090405,           0.0090405,           0.0090405
                 128,            0.049708,            0.012938,            0.004919,             0.42593,             0.66667,             0.13819,            0.014428,            0.069362,              1.6093,             0.14013,           0.0090328,           0.0090328,           0.0090328
                 129,            0.043778,            0.018073,           0.0051596,             0.36111,             0.33333,            0.077389,            0.011271,            0.054327,              1.4238,             0.15001,           0.0090252,           0.0090252,           0.0090252
                 130,            0.048437,             0.01671,           0.0044349,             0.35717,             0.66667,             0.37905,            0.071968,            0.048395,             0.58532,             0.18249,           0.0090176,           0.0090176,           0.0090176
                 131,            0.037377,            0.014889,           0.0011918,              0.5636,             0.33333,             0.33576,            0.067152,            0.056239,             0.12349,             0.21154,             0.00901,             0.00901,             0.00901
                 132,            0.047698,            0.013945,           0.0017569,             0.68938,             0.33333,            0.031228,           0.0031228,            0.065172,            0.030732,             0.16421,           0.0090024,           0.0090024,           0.0090024
                 133,            0.049919,            0.017253,           0.0020247,            0.006648,             0.33333,            0.010699,           0.0010699,             0.06755,            0.025964,             0.11752,           0.0089948,           0.0089948,           0.0089948
                 134,             0.04512,            0.016134,           0.0026072,             0.55687,             0.33333,             0.35076,            0.035076,            0.065899,             0.04077,            0.071134,           0.0089872,           0.0089872,           0.0089872
                 135,            0.040715,            0.014368,           0.0049353,            0.095142,             0.66667,             0.13728,            0.024783,            0.062006,            0.078976,            0.069425,           0.0089795,           0.0089795,           0.0089795
                 136,            0.050798,            0.016084,           0.0017563,           0.0099235,                   1,            0.017609,           0.0021861,            0.056568,            0.092225,            0.076782,           0.0089719,           0.0089719,           0.0089719
                 137,            0.044812,            0.012859,           0.0012572,              0.6931,             0.33333,            0.060016,           0.0081943,            0.055403,            0.083456,             0.07699,           0.0089643,           0.0089643,           0.0089643
                 138,            0.046082,            0.015806,             0.00104,             0.68727,             0.33333,            0.055278,           0.0056632,            0.052583,            0.083609,             0.09948,           0.0089567,           0.0089567,           0.0089567
                 139,            0.052306,            0.011029,           0.0020363,             0.68888,             0.33333,            0.066333,            0.007777,            0.046555,            0.089992,             0.13371,           0.0089491,           0.0089491,           0.0089491
                 140,            0.039396,            0.013209,           0.0013875,             0.68778,             0.33333,            0.036852,            0.011391,             0.04324,            0.093411,             0.18212,           0.0089415,           0.0089415,           0.0089415
                 141,            0.043656,            0.014203,           0.0017195,             0.68892,             0.33333,            0.082917,            0.012866,            0.045814,            0.076153,             0.20928,           0.0089338,           0.0089338,           0.0089338
                 142,            0.044721,            0.015521,           0.0014819,           0.0022005,             0.33333,           0.0053495,          0.00053495,            0.056014,            0.061655,             0.23064,           0.0089262,           0.0089262,           0.0089262
                 143,            0.039449,            0.016648,           0.0017022,             0.70547,             0.33333,            0.047381,           0.0047381,            0.059765,            0.056846,             0.21619,           0.0089186,           0.0089186,           0.0089186
                 144,            0.045572,            0.020255,           0.0024254,             0.71397,             0.33333,              0.1145,            0.011845,            0.056645,            0.053102,             0.17524,            0.008911,            0.008911,            0.008911
                 145,            0.040014,            0.012137,           0.0024149,              0.7531,             0.33333,             0.18965,             0.02024,             0.05609,            0.047716,             0.12931,           0.0089034,           0.0089034,           0.0089034
                 146,            0.042177,            0.014524,            0.003359,             0.78727,             0.33333,              0.1791,               0.018,               0.056,            0.037092,            0.099095,           0.0088958,           0.0088958,           0.0088958
                 147,            0.035821,            0.012243,           0.0018783,              0.8221,             0.33333,             0.17064,            0.034804,             0.05794,             0.02569,            0.084408,           0.0088882,           0.0088882,           0.0088882
                 148,            0.034882,            0.014856,           0.0032773,              0.8151,             0.33333,             0.17812,            0.035204,            0.057914,            0.021709,             0.07985,           0.0088805,           0.0088805,           0.0088805
                 149,            0.041009,            0.015325,           0.0018319,             0.54487,             0.66667,             0.33167,            0.051355,            0.053899,            0.020016,            0.089316,           0.0088729,           0.0088729,           0.0088729
                 150,            0.039729,            0.012458,           0.0011336,             0.57144,             0.66667,             0.60806,             0.13267,            0.044874,            0.020882,             0.09929,           0.0088653,           0.0088653,           0.0088653
                 151,            0.037266,            0.012909,            0.001321,             0.59848,             0.66667,             0.56383,              0.1592,            0.042366,            0.021492,             0.10159,           0.0088577,           0.0088577,           0.0088577
                 152,             0.03782,             0.01345,           0.0014782,             0.54961,             0.66667,             0.55278,             0.13819,            0.044134,            0.023683,            0.085263,           0.0088501,           0.0088501,           0.0088501
                 153,            0.043272,            0.013509,          0.00085557,             0.51125,             0.66667,             0.26849,             0.05591,            0.047937,            0.025034,            0.068577,           0.0088425,           0.0088425,           0.0088425
                 154,            0.040124,            0.014192,           0.0010982,             0.53719,             0.66667,             0.37312,            0.081099,            0.049041,            0.026679,            0.065053,           0.0088348,           0.0088348,           0.0088348
                 155,            0.040237,            0.014913,           0.0010983,             0.51553,             0.65526,             0.38694,            0.093972,             0.04739,            0.027882,            0.064428,           0.0088272,           0.0088272,           0.0088272
                 156,            0.047601,            0.010936,           0.0019269,             0.51558,             0.65972,             0.41458,             0.11859,            0.049723,            0.026065,            0.046404,           0.0088196,           0.0088196,           0.0088196
                 157,            0.040761,            0.012393,           0.0012495,               0.258,             0.99323,             0.44222,             0.13267,            0.054116,             0.02405,            0.030227,            0.008812,            0.008812,            0.008812
                 158,            0.043148,            0.010564,          0.00089137,             0.62808,             0.66667,             0.66333,             0.20202,            0.052293,            0.023452,            0.023771,           0.0088044,           0.0088044,           0.0088044
                 159,            0.048637,            0.014624,           0.0011587,             0.61989,             0.66667,             0.82917,             0.20315,            0.046993,            0.023294,            0.023987,           0.0087968,           0.0087968,           0.0087968
                 160,             0.04359,            0.012637,          0.00071117,             0.59617,             0.66667,             0.66333,             0.34825,            0.038874,            0.025004,            0.033045,           0.0087892,           0.0087892,           0.0087892
                 161,            0.039693,            0.012997,          0.00091245,             0.68062,             0.66667,             0.48092,             0.20465,            0.036625,            0.026273,            0.058619,           0.0087815,           0.0087815,           0.0087815
                 162,             0.03953,            0.012671,          0.00061732,             0.65579,             0.66667,             0.51329,             0.19979,            0.038237,            0.024061,            0.071334,           0.0087739,           0.0087739,           0.0087739
                 163,            0.038092,            0.012617,          0.00094464,             0.60089,             0.66667,             0.50487,             0.17136,            0.040556,            0.022539,            0.065408,           0.0087663,           0.0087663,           0.0087663
                 164,            0.040829,            0.012063,           0.0027061,             0.73019,             0.66667,              0.4975,             0.18794,             0.04038,            0.024108,            0.062484,           0.0087587,           0.0087587,           0.0087587
                 165,            0.040786,            0.011797,            0.001404,             0.69945,             0.66667,             0.71071,             0.26928,            0.039101,            0.026811,            0.054689,           0.0087511,           0.0087511,           0.0087511
                 166,            0.032362,            0.015223,           0.0018452,              0.7336,             0.66667,             0.70019,             0.37589,            0.032638,             0.02952,            0.028901,           0.0087435,           0.0087435,           0.0087435
                 167,            0.043812,            0.013412,           0.0044394,               0.734,             0.66667,             0.71071,             0.37905,            0.029945,            0.033872,            0.020768,           0.0087358,           0.0087358,           0.0087358
                 168,            0.033909,             0.01396,           0.0011119,             0.69047,             0.66667,             0.68406,             0.30679,            0.033145,            0.037135,            0.020431,           0.0087282,           0.0087282,           0.0087282
                 169,             0.04359,            0.011869,           0.0087066,             0.72555,             0.66667,             0.82917,             0.38142,            0.035586,            0.030907,           0.0045594,           0.0087206,           0.0087206,           0.0087206
                 170,            0.037079,            0.011656,            0.022574,             0.89112,             0.33333,             0.42351,               0.085,            0.038798,            0.035556,            0.046216,            0.008713,            0.008713,            0.008713
                 171,             0.03799,            0.012627,          0.00093602,             0.90483,             0.33333,              0.3741,             0.10866,            0.036495,            0.035022,            0.070769,           0.0087054,           0.0087054,           0.0087054
                 172,            0.035692,            0.011708,           0.0041123,             0.55769,                   1,               0.995,             0.34456,            0.031383,            0.026205,            0.017164,           0.0086978,           0.0086978,           0.0086978
                 173,            0.040166,            0.012041,           0.0022365,             0.49917,             0.66667,             0.67609,             0.11399,            0.040817,            0.032431,            0.019655,           0.0086902,           0.0086902,           0.0086902
                 174,            0.037861,            0.011997,           0.0011181,            0.052267,             0.66667,            0.094762,            0.024164,            0.044279,            0.030765,             0.04874,           0.0086825,           0.0086825,           0.0086825
                 175,            0.036441,            0.014522,           0.0016009,             0.69392,             0.66667,             0.50978,             0.10105,            0.042193,            0.026365,            0.053581,           0.0086749,           0.0086749,           0.0086749
                 176,            0.037588,            0.013547,           0.0024715,             0.68004,             0.66667,             0.51593,             0.20269,            0.038627,            0.029054,            0.068502,           0.0086673,           0.0086673,           0.0086673
                 177,            0.037504,            0.015864,            0.020322,             0.47724,             0.66667,             0.53896,             0.15201,            0.033048,            0.048813,            0.034584,           0.0086597,           0.0086597,           0.0086597
                 178,            0.038655,            0.012573,           0.0014247,             0.68629,             0.33333,            0.045356,            0.015976,            0.037455,            0.080148,             0.11387,           0.0086521,           0.0086521,           0.0086521
                 179,            0.036568,            0.014383,            0.010615,             0.71761,             0.33333,            0.066333,           0.0066844,            0.043452,            0.036004,            0.097812,           0.0086445,           0.0086445,           0.0086445
                 180,            0.046858,            0.014674,            0.011141,                   0,                   0,                   0,                   0,            0.047878,            0.018706,            0.073026,           0.0086368,           0.0086368,           0.0086368
                 181,             0.04337,            0.014388,            0.011123,                   0,                   0,                   0,                   0,            0.047444,            0.019009,            0.063386,           0.0086292,           0.0086292,           0.0086292
                 182,            0.035487,            0.017966,           0.0069779,             0.67768,             0.33333,            0.052362,           0.0095005,            0.044356,            0.024202,            0.056573,           0.0086216,           0.0086216,           0.0086216
                 183,            0.036057,            0.016478,           0.0084351,             0.82909,             0.33333,             0.39071,            0.046277,             0.04359,            0.037115,            0.058726,            0.008614,            0.008614,            0.008614
                 184,            0.044866,            0.016636,           0.0092561,              0.6913,             0.33333,            0.047381,             0.01437,            0.047287,            0.049689,            0.064414,           0.0086064,           0.0086064,           0.0086064
                 185,            0.046024,            0.012987,           0.0065844,             0.67098,             0.33333,           0.0053495,          0.00053495,              0.0552,            0.075024,            0.060003,           0.0085988,           0.0085988,           0.0085988
                 186,            0.044456,            0.015825,            0.012724,              0.7192,             0.33333,            0.082917,           0.0086233,            0.056363,            0.098542,            0.062041,           0.0085912,           0.0085912,           0.0085912
                 187,            0.042618,            0.016529,           0.0061203,             0.66897,             0.33333,           0.0025318,           0.0012659,            0.055908,             0.13174,            0.073771,           0.0085835,           0.0085835,           0.0085835
                 188,            0.041855,            0.016997,            0.013555,             0.67688,             0.33333,            0.015076,            0.001566,            0.051953,            0.099755,            0.074445,           0.0085759,           0.0085759,           0.0085759
                 189,            0.044463,            0.012919,             0.01013,             0.71103,             0.33333,             0.11481,            0.014968,            0.045293,             0.04271,            0.047498,           0.0085683,           0.0085683,           0.0085683
                 190,            0.043935,             0.01808,           0.0023721,              0.4704,             0.33333,             0.36055,            0.074653,             0.03872,            0.019185,            0.026625,           0.0085607,           0.0085607,           0.0085607
                 191,            0.036196,            0.013266,           0.0026793,             0.41435,             0.33333,             0.44524,              0.1015,            0.036763,            0.019629,            0.041892,           0.0085531,           0.0085531,           0.0085531
                 192,             0.03451,            0.012499,           0.0028301,             0.10153,                   1,             0.19795,            0.087578,            0.036608,            0.020095,            0.045995,           0.0085455,           0.0085455,           0.0085455
                 193,            0.045707,            0.015054,           0.0024743,             0.43628,             0.66667,             0.40477,             0.18961,             0.03646,            0.024061,            0.041679,           0.0085378,           0.0085378,           0.0085378
                 194,            0.038309,            0.013685,           0.0024572,             0.41641,             0.33333,             0.37398,            0.053981,            0.038186,            0.026953,            0.038298,           0.0085302,           0.0085302,           0.0085302
                 195,            0.037352,            0.011751,             0.00594,             0.41316,             0.33333,             0.14929,            0.070314,            0.041972,             0.02437,            0.031555,           0.0085226,           0.0085226,           0.0085226
                 196,            0.042151,            0.014801,           0.0022511,             0.42444,             0.66667,             0.20453,             0.08907,            0.040302,            0.021487,            0.024189,            0.008515,            0.008515,            0.008515
                 197,            0.043743,            0.013572,            0.003659,             0.32566,                   1,             0.55278,             0.20563,            0.035138,            0.018805,             0.02021,           0.0085074,           0.0085074,           0.0085074
                 198,            0.040611,            0.013328,            0.002192,             0.41969,                   1,             0.77389,             0.36957,            0.029073,            0.016066,            0.014621,           0.0084998,           0.0084998,           0.0084998
                 199,             0.04478,             0.01572,           0.0034144,             0.64221,             0.63462,             0.82917,             0.33574,            0.028729,            0.016673,            0.018029,           0.0084922,           0.0084922,           0.0084922
                 200,            0.045988,            0.013273,           0.0034891,              0.6264,             0.33333,              0.6965,             0.37184,             0.03033,              0.0166,            0.016328,           0.0084845,           0.0084845,           0.0084845
                 201,            0.039736,            0.015531,           0.0045158,             0.56566,             0.33333,             0.38294,             0.13446,            0.034387,            0.018763,            0.017236,           0.0084769,           0.0084769,           0.0084769
                 202,            0.046303,            0.014605,           0.0019148,             0.64695,             0.33333,             0.33167,              0.2985,             0.04299,             0.02015,            0.014988,           0.0084693,           0.0084693,           0.0084693
                 203,            0.036789,              0.0154,           0.0070772,             0.63114,             0.33333,             0.33167,             0.26533,            0.045293,            0.018907,            0.017054,           0.0084617,           0.0084617,           0.0084617
                 204,             0.03927,            0.013919,           0.0019233,             0.64766,             0.33333,             0.33167,             0.26533,            0.042418,             0.02081,            0.017647,           0.0084541,           0.0084541,           0.0084541
                 205,            0.041396,             0.01477,           0.0023927,             0.43743,             0.66667,             0.66333,             0.36483,               0.034,            0.020215,             0.01204,           0.0084465,           0.0084465,           0.0084465
                 206,            0.037773,            0.012372,           0.0037883,             0.51772,             0.66667,             0.66333,             0.23217,            0.034782,            0.017892,            0.016252,           0.0084388,           0.0084388,           0.0084388
                 207,            0.043015,            0.014056,           0.0011759,             0.40976,             0.66667,             0.66333,             0.23217,             0.03491,            0.017247,            0.018799,           0.0084312,           0.0084312,           0.0084312
                 208,            0.037505,            0.017303,           0.0070156,             0.80918,             0.66667,             0.66333,             0.16729,            0.032019,            0.017952,            0.011173,           0.0084236,           0.0084236,           0.0084236
                 209,            0.041985,            0.015353,           0.0021563,              0.9629,             0.33333,             0.33167,               0.199,            0.041436,            0.016913,            0.011451,            0.008416,            0.008416,            0.008416
                 210,            0.039357,             0.01617,          0.00077041,             0.95866,             0.33333,             0.34825,             0.20066,            0.046778,            0.014349,           0.0088792,           0.0084084,           0.0084084,           0.0084084
                 211,            0.038077,            0.013336,           0.0010977,             0.71771,             0.66667,             0.66333,             0.32503,            0.039882,            0.011584,           0.0088547,           0.0084008,           0.0084008,           0.0084008
                 212,            0.039454,            0.013389,           0.0010767,              0.8943,             0.66667,             0.67281,             0.42201,            0.031515,            0.010679,           0.0026451,           0.0083932,           0.0083932,           0.0083932
                 213,            0.038111,             0.01178,           0.0025915,             0.66254,                   1,               0.995,             0.32298,            0.025363,            0.010818,           0.0061809,           0.0083855,           0.0083855,           0.0083855
                 214,            0.037026,            0.015697,           0.0012045,             0.76844,                   1,               0.995,             0.35157,            0.025181,            0.011225,           0.0055205,           0.0083779,           0.0083779,           0.0083779
                 215,             0.03548,            0.012801,          0.00078572,             0.74217,                   1,               0.995,             0.40906,            0.022946,             0.01162,           0.0055385,           0.0083703,           0.0083703,           0.0083703
                 216,            0.035611,            0.014038,           0.0012945,             0.72927,                   1,               0.995,             0.63017,            0.022282,            0.011602,           0.0024392,           0.0083627,           0.0083627,           0.0083627
                 217,            0.034712,            0.014766,           0.0011988,              0.6209,                   1,               0.995,               0.597,            0.023864,            0.012889,           0.0019899,           0.0083551,           0.0083551,           0.0083551
                 218,            0.038842,            0.017317,           0.0025906,             0.60974,                   1,               0.995,              0.4975,             0.02699,              0.0128,           0.0016476,           0.0083475,           0.0083475,           0.0083475
                 219,            0.037113,            0.014592,           0.0015013,             0.43607,             0.90983,             0.82917,             0.32728,            0.029475,            0.013458,            0.026609,           0.0083398,           0.0083398,           0.0083398
                 220,            0.039156,            0.015216,           0.0029854,             0.72033,             0.61487,             0.60806,             0.25428,            0.028989,            0.012449,            0.036286,           0.0083322,           0.0083322,           0.0083322
                 221,            0.034178,            0.014881,           0.0031928,              0.4087,             0.66667,             0.60806,             0.32614,            0.027306,            0.011188,             0.03943,           0.0083246,           0.0083246,           0.0083246
                 222,            0.040223,            0.016847,           0.0023724,             0.43794,             0.66667,             0.58042,             0.33996,            0.024962,            0.010612,            0.046656,            0.008317,            0.008317,            0.008317
                 223,            0.033798,            0.011863,           0.0027688,             0.45988,             0.66667,             0.66333,               0.398,            0.031456,           0.0076687,            0.058613,           0.0083094,           0.0083094,           0.0083094
                 224,            0.034494,            0.013374,           0.0021281,             0.34494,             0.33333,             0.11608,            0.043117,            0.045998,            0.010021,            0.066388,           0.0083018,           0.0083018,           0.0083018
                 225,            0.037761,            0.011494,            0.013032,           0.0012077,             0.33333,           0.0025318,          0.00025318,            0.061781,           0.0098711,            0.094757,           0.0082942,           0.0082942,           0.0082942
                 226,            0.035943,            0.012395,           0.0018973,           0.0010515,             0.33333,           0.0024209,          0.00024209,            0.061209,             0.01081,            0.086227,           0.0082865,           0.0082865,           0.0082865
                 227,            0.035083,            0.013522,           0.0031692,             0.49903,             0.33333,             0.16583,            0.036483,            0.053523,            0.013288,            0.041299,           0.0082789,           0.0082789,           0.0082789
                 228,            0.039481,            0.012918,           0.0012141,             0.37961,             0.65946,              0.4975,             0.14004,            0.043651,            0.011254,           0.0023963,           0.0082713,           0.0082713,           0.0082713
                 229,            0.035444,            0.015534,            0.001211,             0.90672,                   1,               0.995,             0.31508,            0.031634,            0.012395,          0.00074902,           0.0082637,           0.0082637,           0.0082637
                 230,            0.033225,            0.011178,           0.0010552,             0.62384,                   1,               0.995,               0.398,            0.027661,            0.015894,           0.0021694,           0.0082561,           0.0082561,           0.0082561
                 231,            0.037968,            0.015281,           0.0043385,             0.65684,                   1,               0.995,             0.33167,            0.030958,            0.019101,           0.0075555,           0.0082485,           0.0082485,           0.0082485
                 232,            0.041219,            0.014852,           0.0019065,             0.38791,                   1,               0.995,             0.23769,            0.031844,            0.020239,            0.018265,           0.0082408,           0.0082408,           0.0082408
                 233,            0.037801,             0.01326,            0.002367,             0.53467,                   1,               0.995,             0.29771,            0.029052,            0.018081,           0.0036933,           0.0082332,           0.0082332,           0.0082332
                 234,            0.040799,             0.01638,           0.0019746,             0.79126,                   1,               0.995,             0.46652,            0.027185,            0.015221,          0.00014781,           0.0082256,           0.0082256,           0.0082256
                 235,            0.035704,            0.016372,          0.00098157,             0.72953,                   1,               0.995,             0.31508,            0.029003,            0.014802,          0.00027973,            0.008218,            0.008218,            0.008218
                 236,            0.034484,             0.01218,          0.00062201,             0.94931,             0.66667,             0.82917,             0.21006,            0.035969,            0.014717,            0.010106,           0.0082104,           0.0082104,           0.0082104
                 237,            0.037046,            0.011658,          0.00088663,             0.59816,                   1,               0.995,               0.239,            0.030893,            0.013415,            0.015193,           0.0082028,           0.0082028,           0.0082028
                 238,            0.036212,            0.015507,           0.0026453,             0.86744,             0.66667,               0.995,             0.39137,            0.025084,            0.011498,            0.024583,           0.0081952,           0.0081952,           0.0081952
                 239,            0.034886,              0.0102,           0.0014959,             0.74374,             0.66667,             0.53435,             0.35378,             0.02131,            0.013638,            0.040737,           0.0081875,           0.0081875,           0.0081875
                 240,            0.033316,            0.011401,          0.00057915,              0.7707,             0.66667,             0.54488,             0.32693,            0.020152,             0.01304,            0.042649,           0.0081799,           0.0081799,           0.0081799
                 241,            0.037858,            0.015646,           0.0011025,             0.60765,             0.66667,             0.60806,             0.34272,             0.01914,             0.01199,            0.039692,           0.0081723,           0.0081723,           0.0081723
                 242,            0.035492,            0.013586,           0.0016375,             0.74071,             0.66667,             0.82917,             0.41127,            0.021313,            0.012371,            0.033673,           0.0081647,           0.0081647,           0.0081647
                 243,            0.040005,            0.011817,           0.0028184,             0.65741,             0.66667,             0.77389,             0.41853,            0.023674,            0.013233,            0.028708,           0.0081571,           0.0081571,           0.0081571
                 244,             0.03418,            0.014964,           0.0014676,             0.67792,             0.66667,             0.60806,             0.22543,            0.026707,            0.010662,            0.030283,           0.0081495,           0.0081495,           0.0081495
                 245,            0.037827,             0.01472,           0.0039874,             0.64572,             0.66667,             0.66333,             0.19292,            0.027873,            0.012131,              0.0214,           0.0081418,           0.0081418,           0.0081418
                 246,            0.040557,            0.010143,           0.0016803,             0.78859,             0.66667,             0.66333,             0.20593,            0.032379,            0.014746,            0.010259,           0.0081342,           0.0081342,           0.0081342
                 247,            0.036937,             0.01494,           0.0013392,             0.79148,             0.66667,             0.66333,             0.33167,            0.033078,            0.013786,           0.0075568,           0.0081266,           0.0081266,           0.0081266
                 248,            0.034324,            0.012036,           0.0024605,             0.80581,             0.66667,             0.66333,             0.43117,            0.032266,            0.013494,           0.0081476,            0.008119,            0.008119,            0.008119
                 249,            0.031953,            0.012561,           0.0011941,             0.81414,             0.66667,             0.71071,             0.42197,            0.025827,            0.012054,            0.015957,           0.0081114,           0.0081114,           0.0081114
                 250,             0.03191,            0.012047,           0.0005589,             0.83814,             0.66667,             0.72967,             0.42453,            0.027156,            0.010579,            0.027199,           0.0081038,           0.0081038,           0.0081038
                 251,            0.035807,            0.010767,           0.0024157,             0.91632,             0.66667,               0.995,               0.597,             0.02734,            0.010167,            0.021414,           0.0080962,           0.0080962,           0.0080962
                 252,            0.033066,            0.011343,          0.00028177,             0.57977,                   1,               0.995,             0.56383,             0.02237,           0.0094992,           0.0067645,           0.0080885,           0.0080885,           0.0080885
                 253,            0.036682,            0.012616,           0.0016369,             0.90516,                   1,               0.995,               0.597,            0.019128,           0.0083553,           0.0012304,           0.0080809,           0.0080809,           0.0080809
                 254,            0.037182,             0.01221,          0.00085483,              0.9466,                   1,               0.995,             0.66333,            0.019998,           0.0072114,           0.0010174,           0.0080733,           0.0080733,           0.0080733
                 255,            0.036853,            0.012533,           0.0057555,             0.78862,                   1,               0.995,             0.76283,            0.021044,           0.0076092,            0.004609,           0.0080657,           0.0080657,           0.0080657
                 256,            0.032847,            0.011927,           0.0009286,             0.79274,             0.66667,             0.82917,             0.53067,            0.025545,           0.0080232,             0.02082,           0.0080581,           0.0080581,           0.0080581
                 257,            0.035174,           0.0091002,           0.0026111,             0.77045,             0.66667,             0.66333,             0.22032,            0.031035,           0.0085708,            0.036525,           0.0080505,           0.0080505,           0.0080505
                 258,            0.034291,            0.011811,          0.00078103,             0.76779,             0.66667,             0.66333,              0.1592,            0.032018,           0.0091272,            0.040441,           0.0080428,           0.0080428,           0.0080428
                 259,            0.032019,            0.011309,          0.00055821,             0.78549,             0.66667,             0.60806,             0.19751,            0.027976,           0.0093492,            0.040705,           0.0080352,           0.0080352,           0.0080352
                 260,            0.034103,            0.011272,          0.00061106,             0.80167,             0.66667,             0.60806,             0.29321,            0.023339,           0.0092338,            0.038988,           0.0080276,           0.0080276,           0.0080276
                 261,            0.032542,            0.013549,           0.0084424,             0.84292,             0.66667,             0.77389,             0.43117,             0.01841,           0.0088317,            0.025752,             0.00802,             0.00802,             0.00802
                 262,            0.034062,            0.012804,          0.00088823,             0.92927,                   1,               0.995,             0.59946,            0.016895,           0.0089143,           0.0025828,           0.0080124,           0.0080124,           0.0080124
                 263,            0.036051,            0.011457,            0.001825,             0.86693,                   1,               0.995,              0.6965,            0.015502,            0.008717,          0.00055579,           0.0080048,           0.0080048,           0.0080048
                 264,            0.037311,            0.011157,            0.010878,             0.90349,                   1,               0.995,             0.76283,              0.0154,           0.0082759,          0.00034698,           0.0079972,           0.0079972,           0.0079972
                 265,            0.037324,            0.013764,           0.0027974,             0.74863,                   1,               0.995,             0.60806,            0.017835,           0.0090102,          0.00041429,           0.0079895,           0.0079895,           0.0079895
                 266,            0.033525,            0.012381,           0.0016134,             0.78394,                   1,               0.995,             0.48092,            0.020546,             0.01016,           0.0011509,           0.0079819,           0.0079819,           0.0079819
                 267,            0.032956,            0.014442,           0.0026167,             0.70191,                   1,               0.995,             0.58042,            0.023509,            0.011274,            0.006105,           0.0079743,           0.0079743,           0.0079743
                 268,            0.036513,            0.013688,           0.0020167,              0.7312,                   1,               0.995,              0.4975,            0.024081,           0.0099357,           0.0061144,           0.0079667,           0.0079667,           0.0079667
                 269,             0.03218,            0.012948,           0.0024758,             0.90025,                   1,               0.995,             0.63017,            0.019915,            0.008662,           0.0017248,           0.0079591,           0.0079591,           0.0079591
                 270,            0.033156,            0.012743,           0.0027259,             0.89728,                   1,               0.995,             0.63017,             0.01848,           0.0080763,          0.00085303,           0.0079515,           0.0079515,           0.0079515
                 271,            0.035372,            0.013044,           0.0015439,             0.90444,                   1,               0.995,             0.53067,            0.020685,            0.008676,          0.00072491,           0.0079438,           0.0079438,           0.0079438
                 272,            0.030855,            0.012251,           0.0027937,             0.62078,             0.66667,             0.66498,               0.332,            0.026086,           0.0086756,          0.00080228,           0.0079362,           0.0079362,           0.0079362
                 273,            0.030418,            0.011162,          0.00050092,              0.6191,             0.66667,             0.66333,             0.36483,             0.03148,           0.0088342,           0.0007239,           0.0079286,           0.0079286,           0.0079286
                 274,            0.032586,            0.013722,           0.0017825,             0.94343,                   1,               0.995,               0.398,             0.03038,           0.0088603,            0.000838,            0.007921,            0.007921,            0.007921
                 275,            0.034918,              0.0128,           0.0029763,             0.92038,                   1,               0.995,             0.36546,             0.03045,           0.0082454,           0.0032563,           0.0079134,           0.0079134,           0.0079134
                 276,            0.029366,           0.0098928,           0.0026528,             0.65331,             0.33333,             0.66333,             0.53067,            0.027436,           0.0071039,            0.048993,           0.0079058,           0.0079058,           0.0079058
                 277,            0.029473,            0.012072,           0.0013441,             0.65645,             0.33333,             0.66333,             0.56383,            0.024029,           0.0074282,            0.059946,           0.0078982,           0.0078982,           0.0078982
                 278,            0.031504,            0.013588,           0.0045234,             0.86731,                   1,               0.995,             0.53067,            0.022377,           0.0081585,          0.00066844,           0.0078905,           0.0078905,           0.0078905
                 279,            0.030138,            0.010308,          0.00061762,             0.81013,             0.66667,             0.74625,             0.41458,             0.02203,            0.010812,            0.025479,           0.0078829,           0.0078829,           0.0078829
                 280,            0.030786,             0.01163,           0.0025229,             0.95077,             0.33333,             0.77389,             0.40906,            0.023826,             0.01326,            0.019446,           0.0078753,           0.0078753,           0.0078753
                 281,            0.030611,             0.01297,          0.00080994,             0.34639,                   1,             0.77389,             0.43448,            0.025714,            0.013891,            0.020281,           0.0078677,           0.0078677,           0.0078677
                 282,            0.031795,            0.012248,           0.0026082,             0.82408,             0.66667,               0.995,             0.41288,            0.027564,            0.012364,            0.022282,           0.0078601,           0.0078601,           0.0078601
                 283,            0.028335,            0.010841,           0.0016194,             0.68627,                   1,               0.995,             0.19021,            0.035331,            0.013155,           0.0058987,           0.0078525,           0.0078525,           0.0078525
                 284,             0.03669,            0.011596,          0.00068768,             0.94556,                   1,               0.995,             0.43117,            0.031131,            0.012737,          0.00053028,           0.0078448,           0.0078448,           0.0078448
                 285,            0.035609,            0.013091,           0.0013037,             0.64344,             0.66667,             0.66333,              0.2985,            0.031308,            0.014326,          0.00063403,           0.0078372,           0.0078372,           0.0078372
                 286,            0.034248,            0.013071,           0.0013523,             0.56236,             0.66667,             0.68544,             0.24135,            0.034389,            0.013109,            0.014431,           0.0078296,           0.0078296,           0.0078296
                 287,            0.039612,            0.012707,           0.0029173,             0.80904,             0.66667,             0.82917,             0.39468,            0.028804,            0.012005,            0.039195,            0.007822,            0.007822,            0.007822
                 288,            0.037405,             0.00978,           0.0073931,             0.80217,             0.66667,             0.82917,             0.51408,            0.023431,            0.010936,            0.039021,           0.0078144,           0.0078144,           0.0078144
                 289,            0.031848,            0.011131,          0.00079536,             0.50148,                   1,             0.82917,             0.58042,            0.022453,           0.0096067,            0.031671,           0.0078068,           0.0078068,           0.0078068
                 290,            0.039515,            0.011495,            0.001983,             0.58263,                   1,             0.82917,             0.61358,            0.021462,           0.0087779,            0.021703,           0.0077992,           0.0077992,           0.0077992
                 291,            0.033462,            0.010135,          0.00098632,             0.69387,                   1,             0.82917,             0.53304,            0.022297,           0.0085773,            0.015119,           0.0077915,           0.0077915,           0.0077915
                 292,             0.02991,           0.0094914,           0.0016155,             0.66673,                   1,             0.82917,             0.45604,            0.024869,            0.008289,            0.018457,           0.0077839,           0.0077839,           0.0077839
                 293,            0.043727,            0.010928,           0.0026319,             0.59379,                   1,             0.82917,             0.51408,            0.023882,           0.0075698,            0.027185,           0.0077763,           0.0077763,           0.0077763
                 294,            0.034275,            0.010479,           0.0020768,              0.8032,             0.66667,             0.82917,             0.51408,            0.022676,           0.0072663,            0.041506,           0.0077687,           0.0077687,           0.0077687
                 295,            0.034809,            0.013736,           0.0012872,             0.78559,             0.66667,             0.66333,             0.38142,            0.025805,           0.0085184,            0.046169,           0.0077611,           0.0077611,           0.0077611
                 296,            0.035027,            0.012097,           0.0030631,             0.65472,             0.33333,              0.4975,              0.2985,            0.029358,           0.0098229,            0.042673,           0.0077535,           0.0077535,           0.0077535
                 297,            0.037598,            0.012899,           0.0034017,             0.65585,             0.33333,             0.51496,             0.32032,            0.034206,           0.0098546,             0.04556,           0.0077458,           0.0077458,           0.0077458
                 298,             0.02988,            0.010982,           0.0032663,             0.39317,             0.66667,             0.66333,             0.23217,            0.038517,           0.0091363,            0.025873,           0.0077382,           0.0077382,           0.0077382
                 299,            0.033876,            0.011179,            0.003459,             0.56839,             0.66667,             0.66333,             0.23217,            0.039118,            0.008379,           0.0050269,           0.0077306,           0.0077306,           0.0077306
                 300,            0.033789,            0.010553,           0.0012345,             0.96951,             0.66667,             0.66333,             0.26533,            0.038146,           0.0079296,           0.0043064,            0.007723,            0.007723,            0.007723
                 301,            0.034456,            0.013549,           0.0030125,             0.94179,             0.66667,             0.66333,               0.398,            0.036332,           0.0072526,           0.0086275,           0.0077154,           0.0077154,           0.0077154
                 302,            0.034252,            0.011055,           0.0019558,             0.81077,             0.66667,             0.66333,             0.43117,            0.036016,           0.0072761,            0.013299,           0.0077078,           0.0077078,           0.0077078
                 303,             0.03431,            0.010984,          0.00081243,             0.70065,             0.66667,             0.66333,               0.398,            0.039097,            0.007732,             0.01886,           0.0077002,           0.0077002,           0.0077002
                 304,            0.028949,            0.011294,            0.001171,             0.94886,             0.33333,             0.33167,             0.23217,            0.039782,           0.0081838,            0.029331,           0.0076925,           0.0076925,           0.0076925
                 305,            0.031565,            0.013938,           0.0015654,             0.96614,             0.33333,             0.33167,             0.26533,            0.039144,           0.0081876,            0.027675,           0.0076849,           0.0076849,           0.0076849
                 306,            0.038945,            0.011639,           0.0021213,             0.98613,             0.33333,             0.66333,             0.36483,            0.038695,           0.0095285,            0.023442,           0.0076773,           0.0076773,           0.0076773
                 307,            0.029051,            0.012578,           0.0011193,             0.98697,             0.33333,             0.33167,               0.199,            0.042485,            0.013624,            0.021701,           0.0076697,           0.0076697,           0.0076697
                 308,            0.031779,            0.012898,           0.0015946,             0.98537,             0.33333,             0.33167,             0.13267,            0.046456,            0.016057,            0.020094,           0.0076621,           0.0076621,           0.0076621
                 309,            0.034628,            0.012082,           0.0012112,             0.97291,             0.33333,             0.33167,            0.035272,            0.051946,            0.017167,            0.019632,           0.0076545,           0.0076545,           0.0076545
